Name,Height,Mountain Group,Link
Triglav,2864 m,2800 m,https://www.hribi.net/gora/triglav/1/1
Montaž / Jôf di Montasio,2753 m,,https://www.hribi.net/gora/montaz___jof_di_montasio/1/629
Škrlatica,2740 m,,https://www.hribi.net/gora/skrlatica/1/2
Mali Triglav,2725 m,2700 m,https://www.hribi.net/gora/mali_triglav/1/3
Mangart,2679 m,,https://www.hribi.net/gora/mangart/1/4
Viš/Jof Fuart,2666 m,,https://www.hribi.net/gora/vis_jof_fuart/1/1041
Vrh Brda / Cima Verde,2661 m,,https://www.hribi.net/gora/vrh_brda___cima_verde/1/1344
Visoki Rokav,2646 m,,https://www.hribi.net/gora/visoki_rokav/1/5
Jalovec,2645 m,,https://www.hribi.net/gora/jalovec/1/6
Veliki Oltar,2621 m,,https://www.hribi.net/gora/veliki_oltar/1/7
Velika Martuljška Ponca,2602 m,,https://www.hribi.net/gora/velika_martuljska_ponca/1/8
Razor,2601 m,2600 m,https://www.hribi.net/gora/razor/1/9
Dolkova špica,2591 m,,https://www.hribi.net/gora/dolkova_spica/1/10
Visoki Kanin,2587 m,,https://www.hribi.net/gora/visoki_kanin/1/12
Rjavec,2571 m,,https://www.hribi.net/gora/rjavec/1/4122
Mali Kanin,2571 m,,https://www.hribi.net/gora/mali_kanin/1/13
Kanjavec (Zahodni vrh),2569 m,,https://www.hribi.net/gora/kanjavec_zahodni_vrh/1/1544
Kanjavec,2569 m,,https://www.hribi.net/gora/kanjavec/1/14
Glava v Zaplanji,2556 m,,https://www.hribi.net/gora/glava_v_zaplanji/1/17
Rogljica,2547 m,,https://www.hribi.net/gora/rogljica/1/19
Prisank / Prisojnik,2547 m,,https://www.hribi.net/gora/prisank___prisojnik/1/18
Rakova Špica,2545 m,,https://www.hribi.net/gora/rakova_spica/1/3178
Dovški križ,2542 m,,https://www.hribi.net/gora/dovski_kriz/1/22
Kredarica,2541 m,,https://www.hribi.net/gora/kredarica/1/2990
Rž,2538 m,,https://www.hribi.net/gora/rz/1/26
Rjavina,2532 m,,https://www.hribi.net/gora/rjavina/1/27
Špik nad Nosom / Foronon del Buinz,2531 m,,https://www.hribi.net/gora/spik_nad_nosom___foronon_del_buinz/1/1342
Triglavska vojašnica Viktorja Emanuela III,2520 m,,https://www.hribi.net/gora/triglavska_vojasnica_viktorja_emanuela_iii/1/105
Triglavski dom na Kredarici,2515 m,,https://www.hribi.net/gora/triglavski_dom_na_kredarici/1/23
Divja koza,2507 m,,https://www.hribi.net/gora/divja_koza/1/3954
Koštrunove špice,2502 m,,https://www.hribi.net/gora/kostrunove_spice/1/1282
Mala Martuljška Ponca,2501 m,,https://www.hribi.net/gora/mala_martuljska_ponca/1/1382
Stenar,2501 m,,https://www.hribi.net/gora/stenar/1/33
Spodnji Rokav,2500 m,2500 m,https://www.hribi.net/gora/spodnji_rokav/1/2248
Prestreljenik,2499 m,,https://www.hribi.net/gora/prestreljenik/1/35
Široka peč,2497 m,,https://www.hribi.net/gora/siroka_pec/1/1381
Poprovec,2496 m,,https://www.hribi.net/gora/poprovec/1/1546
Teme (Hribarice),2495 m,,https://www.hribi.net/gora/teme_hribarice/1/1545
Veliki Ozebnik,2480 m,,https://www.hribi.net/gora/veliki_ozebnik/1/40
Vrh Zelenic,2478 m,,https://www.hribi.net/gora/vrh_zelenic/1/4125
Špik,2472 m,,https://www.hribi.net/gora/spik/1/43
Mišeljski Konec,2464 m,,https://www.hribi.net/gora/miseljski_konec/1/46
Begunjski vrh,2461 m,,https://www.hribi.net/gora/begunjski_vrh/1/48
Planja,2453 m,,https://www.hribi.net/gora/planja/1/423
Vrh Laške Planje,2448 m,,https://www.hribi.net/gora/vrh_laske_planje/1/3597
Vršaki (Vzhodni vrh),2448 m,,https://www.hribi.net/gora/vrsaki_vzhodni_vrh/1/1540
Vrh Krnice,2441 m,,https://www.hribi.net/gora/vrh_krnice/1/1373
Vršaki (Južni vrh),2431 m,,https://www.hribi.net/gora/vrsaki_juzni_vrh/1/1543
Bivak Suringar,2430 m,,https://www.hribi.net/gora/bivak_suringar/1/1339
Kukova špica,2427 m,,https://www.hribi.net/gora/kukova_spica/1/402
Vršaki (Srednji vrh),2424 m,,https://www.hribi.net/gora/vrsaki_srednji_vrh/1/1541
Črni Vogel,2422 m,,https://www.hribi.net/gora/crni_vogel/1/4050
Vršaki (Vrh za Koritami),2422 m,,https://www.hribi.net/gora/vrsaki_vrh_za_koritami/1/1542
Špik Hude police / Cima di Terrarossa,2420 m,,https://www.hribi.net/gora/spik_hude_police___cima_di_terrarossa/1/1053
Pihavec,2419 m,,https://www.hribi.net/gora/pihavec/1/1052
Špik nad Planjo / Punta Plagnis,2411 m,,https://www.hribi.net/gora/spik_nad_planjo___punta_plagnis/1/1629
Križ,2410 m,,https://www.hribi.net/gora/kriz/1/257
Visoka Vrbanova špica,2408 m,,https://www.hribi.net/gora/visoka_vrbanova_spica/1/321
Lopa,2406 m,,https://www.hribi.net/gora/lopa/1/2800
Gubno,2403 m,,https://www.hribi.net/gora/gubno/1/1121
Dom Planika pod Triglavom,2401 m,2400 m,https://www.hribi.net/gora/dom_planika_pod_triglavom/1/94
Veliko Špičje,2398 m,,https://www.hribi.net/gora/veliko_spicje/1/452
Cmir,2393 m,,https://www.hribi.net/gora/cmir/1/155
Bovški Gamsovec,2392 m,,https://www.hribi.net/gora/bovski_gamsovec/1/647
Prestreljeniško okno,2391 m,,https://www.hribi.net/gora/prestreljenisko_okno/1/2848
Debeli vrh,2390 m,,https://www.hribi.net/gora/debeli_vrh/1/383
Vrh Hribaric,2388 m,,https://www.hribi.net/gora/vrh_hribaric/1/1539
Šplevta (Indijanec),2382 m,,https://www.hribi.net/gora/splevta_indijanec/1/1348
Strma peč / Monte Cimone,2380 m,,https://www.hribi.net/gora/strma_pec___monte_cimone/1/1562
Travnik (pri Mojstrovkah),2379 m,,https://www.hribi.net/gora/travnik_pri_mojstrovkah/1/1327
Kucelj (Julijske Alpe),2372 m,,https://www.hribi.net/gora/kucelj_julijske_alpe/1/3334
Vrh Osojnic,2371 m,,https://www.hribi.net/gora/vrh_osojnic/1/3139
Kriški rob,2366 m,,https://www.hribi.net/gora/kriski_rob/1/1349
Velika Mojstrovka,2366 m,,https://www.hribi.net/gora/velika_mojstrovka/1/386
Šmarjetna glava,2358 m,,https://www.hribi.net/gora/smarjetna_glava/1/1612
Spodnji Stenar,2356 m,,https://www.hribi.net/gora/spodnji_stenar/1/1623
Zadnja Mojstrovka,2354 m,,https://www.hribi.net/gora/zadnja_mojstrovka/1/1326
Vrh Krnega dola / Monte Cregnedul,2351 m,,https://www.hribi.net/gora/vrh_krnega_dola___monte_cregnedul/1/1634
Kol,2350 m,,https://www.hribi.net/gora/kol/1/1328
Mišelj vrh,2350 m,,https://www.hribi.net/gora/miselj_vrh/1/106
Plaski Vogel,2348 m,,https://www.hribi.net/gora/plaski_vogel/1/1058
Bavški Grintavec,2347 m,,https://www.hribi.net/gora/bavski_grintavec/1/679
Briceljk,2346 m,,https://www.hribi.net/gora/briceljk/1/1370
Vevnica,2342 m,,https://www.hribi.net/gora/vevnica/1/1621
Vrh Snežne konte,2342 m,,https://www.hribi.net/gora/vrh_snezne_konte/1/1383
Velika Črnelska špica,2332 m,,https://www.hribi.net/gora/velika_crnelska_spica/1/668
Mala Mojstrovka,2332 m,,https://www.hribi.net/gora/mala_mojstrovka/1/224
Dom Valentina Staniča pod Triglavom,2332 m,,https://www.hribi.net/gora/dom_valentina_stanica_pod_triglavom/1/203
Zadnji Vogel,2327 m,,https://www.hribi.net/gora/zadnji_vogel/1/384
Mali Ozebnik,2324 m,,https://www.hribi.net/gora/mali_ozebnik/1/1379
Žrd / Sart,2324 m,,https://www.hribi.net/gora/zrd___sart/1/1038
Velika Zelnarica,2320 m,,https://www.hribi.net/gora/velika_zelnarica/1/385
Veliki Nabojs / Monte Nabois grande,2313 m,,https://www.hribi.net/gora/veliki_nabojs___monte_nabois_grande/1/1529
Malo Špičje,2312 m,,https://www.hribi.net/gora/malo_spicje/1/453
Mala Zelnarica,2310 m,,https://www.hribi.net/gora/mala_zelnarica/1/456
Škednjovec,2309 m,2300 m,https://www.hribi.net/gora/skednjovec/1/1639
Spodnja Vrbanova špica,2299 m,,https://www.hribi.net/gora/spodnja_vrbanova_spica/1/682
Konjc,2289 m,,https://www.hribi.net/gora/konjc/1/422
Frdamane police,2284 m,,https://www.hribi.net/gora/frdamane_police/1/2003
Tosc,2275 m,,https://www.hribi.net/gora/tosc/1/83
Visoka Ponca,2274 m,,https://www.hribi.net/gora/visoka_ponca/1/90
Šplevta,2272 m,,https://www.hribi.net/gora/splevta/1/1062
Strug,2265 m,,https://www.hribi.net/gora/strug/1/1622
Dom Petra Skalarja na Kaninu,2260 m,,https://www.hribi.net/gora/dom_petra_skalarja_na_kaninu/1/328
Visoka Bela Špica / Cima Alta di Riobianco,2257 m,,https://www.hribi.net/gora/visoka_bela_spica___cima_alta_di_riobianco/1/2820
Travnik,2252 m,,https://www.hribi.net/gora/travnik/1/1057
Krn,2244 m,,https://www.hribi.net/gora/krn/1/150
Veliki Draški vrh,2243 m,,https://www.hribi.net/gora/veliki_draski_vrh/1/397
Zadnja Ponca,2242 m,,https://www.hribi.net/gora/zadnja_ponca/1/1051
Vrh Grubje,2240 m,,https://www.hribi.net/gora/vrh_grubje/1/1039
Srednja Ponca,2228 m,,https://www.hribi.net/gora/srednja_ponca/1/1050
Čelo,2228 m,,https://www.hribi.net/gora/celo/1/70
Srednji Vogel,2226 m,,https://www.hribi.net/gora/srednji_vogel/1/714
Vernar,2225 m,,https://www.hribi.net/gora/vernar/1/1388
Rombon,2208 m,2200 m,https://www.hribi.net/gora/rombon/1/414
Vodnikov Vršac (Vršac nad Zadnjico),2194 m,,https://www.hribi.net/gora/vodnikov_vrsac_vrsac_nad_zadnjico/1/2072
Kopica,2190 m,,https://www.hribi.net/gora/kopica/1/455
Plešivec (Loška stena),2184 m,,https://www.hribi.net/gora/plesivec_loska_stena/1/1377
Gomiščkovo zavetišče na Krnu,2182 m,,https://www.hribi.net/gora/gomisckovo_zavetisce_na_krnu/1/410
Prvi Vogel,2181 m,,https://www.hribi.net/gora/prvi_vogel/1/713
Bivak v Veliki Dnini,2180 m,,https://www.hribi.net/gora/bivak_v_veliki_dnini/1/3602
Vrh nad Peski,2176 m,,https://www.hribi.net/gora/vrh_nad_peski/1/418
Batognica,2164 m,,https://www.hribi.net/gora/batognica/1/374
Zgornje Kriško jezero,2158 m,,https://www.hribi.net/gora/zgornje_krisko_jezero/1/258
Koča na Doliču,2151 m,,https://www.hribi.net/gora/koca_na_dolicu/1/100
Bivak Tarvisio,2150 m,,https://www.hribi.net/gora/bivak_tarvisio/1/2895
Velika Baba (Kanin),2148 m,,https://www.hribi.net/gora/velika_baba_kanin/1/2725
Bela peč/Monte Bila pec,2146 m,,https://www.hribi.net/gora/bela_pec_monte_bila_pec/1/1374
Krnčica,2142 m,,https://www.hribi.net/gora/krncica/1/1625
Teme,2136 m,,https://www.hribi.net/gora/teme/1/995
Srednji vrh (pri Krnu),2134 m,,https://www.hribi.net/gora/srednji_vrh_pri_krnu/1/4042
Kotovo sedlo,2134 m,,https://www.hribi.net/gora/kotovo_sedlo/1/285
Mali Draški vrh,2132 m,,https://www.hribi.net/gora/mali_draski_vrh/1/256
Glava za Bajto,2131 m,,https://www.hribi.net/gora/glava_za_bajto/1/3692
Jerebica,2126 m,,https://www.hribi.net/gora/jerebica/1/420
Veliki Babanski Skedenj,2121 m,,https://www.hribi.net/gora/veliki_babanski_skedenj/1/2571
Šmihelovec,2118 m,,https://www.hribi.net/gora/smihelovec/1/3493
Bivak na Jezerih,2118 m,,https://www.hribi.net/gora/bivak_na_jezerih/1/211
Trentski Pelc,2116 m,,https://www.hribi.net/gora/trentski_pelc/1/3485
Vršac (nad Zadnjo Trento),2113 m,,https://www.hribi.net/gora/vrsac_nad_zadnjo_trento/1/3589
Suhi vrh,2109 m,,https://www.hribi.net/gora/suhi_vrh/1/996
Goličica,2101 m,2100 m,https://www.hribi.net/gora/golicica/1/2708
Cesar,2098 m,,https://www.hribi.net/gora/cesar/1/610
Velika Tičarica,2091 m,,https://www.hribi.net/gora/velika_ticarica/1/454
Zagorelec,2090 m,,https://www.hribi.net/gora/zagorelec/1/3465
Poldašnja špica/Jof di Miezegnot,2087 m,,https://www.hribi.net/gora/poldasnja_spica_jof_di_miezegnot/1/657
Ogradi,2087 m,,https://www.hribi.net/gora/ogradi/1/323
Šitna glava,2087 m,,https://www.hribi.net/gora/sitna_glava/1/273
Tolminski Kuk,2085 m,,https://www.hribi.net/gora/tolminski_kuk/1/153
Zadnjiški Ozebnik,2084 m,,https://www.hribi.net/gora/zadnjiski_ozebnik/1/676
Sleme,2077 m,,https://www.hribi.net/gora/sleme/1/332
Slatna,2077 m,,https://www.hribi.net/gora/slatna/1/279
Prevalski Stog,2075 m,,https://www.hribi.net/gora/prevalski_stog/1/378
Rigljica,2074 m,,https://www.hribi.net/gora/rigljica/1/2318
Kamniti lovec / Cima del Cacciatore,2071 m,,https://www.hribi.net/gora/kamniti_lovec___cima_del_cacciatore/1/662
Zasavska koča na Prehodavcih,2071 m,,https://www.hribi.net/gora/zasavska_koca_na_prehodavcih/1/175
Mala Tičarica,2071 m,,https://www.hribi.net/gora/mala_ticarica/1/151
Visoki Pipar,2069 m,,https://www.hribi.net/gora/visoki_pipar/1/3858
Zavetišče pod Špičkom,2064 m,,https://www.hribi.net/gora/zavetisce_pod_spickom/1/210
Poldnik (Kopa) / Picco di Mezzodi,2063 m,,https://www.hribi.net/gora/poldnik_kopa___picco_di_mezzodi/1/3289
Podrta gora,2061 m,,https://www.hribi.net/gora/podrta_gora/1/2680
Veliki Pršivec,2056 m,,https://www.hribi.net/gora/veliki_prsivec/1/506
Vrh nad Škrbino,2054 m,,https://www.hribi.net/gora/vrh_nad_skrbino/1/698
Zeleni vrh,2052 m,,https://www.hribi.net/gora/zeleni_vrh/1/1888
Pogačnikov dom na Kriških podih,2050 m,,https://www.hribi.net/gora/pogacnikov_dom_na_kriskih_podih/1/164
Viševnik,2050 m,,https://www.hribi.net/gora/visevnik/1/77
Jelenk,2049 m,,https://www.hribi.net/gora/jelenk/1/3479
Cima Alta (Dve špici),2046 m,,https://www.hribi.net/gora/cima_alta_dve_spici/1/659
Veliki Lemež,2042 m,,https://www.hribi.net/gora/veliki_lemez/1/2988
Bivak Marussich,2041 m,,https://www.hribi.net/gora/bivak_marussich/1/1037
Jezerski Stog,2040 m,,https://www.hribi.net/gora/jezerski_stog/1/259
Na Pečeh,2039 m,,https://www.hribi.net/gora/na_peceh/1/1384
Srednji vrh (nad jezerom v Lužnici),2032 m,,https://www.hribi.net/gora/srednji_vrh_nad_jezerom_v_luznici/1/1595
Drobeče Sleme,2029 m,,https://www.hribi.net/gora/drobece_sleme/1/468
Kreda,2025 m,,https://www.hribi.net/gora/kreda/1/280
Eva,2019 m,,https://www.hribi.net/gora/eva/1/712
Velika Baba,2016 m,,https://www.hribi.net/gora/velika_baba/1/675
Debela peč,2014 m,,https://www.hribi.net/gora/debela_pec/1/84
Lopatnik,2012 m,,https://www.hribi.net/gora/lopatnik/1/2309
Adam,2012 m,,https://www.hribi.net/gora/adam/1/711
Cima Vildiver (Dve špici),2008 m,,https://www.hribi.net/gora/cima_vildiver_dve_spici/1/3585
Mahavšček,2008 m,,https://www.hribi.net/gora/mahavscek/1/327
Brda,2008 m,,https://www.hribi.net/gora/brda/1/263
Rjavo jezero,2006 m,,https://www.hribi.net/gora/rjavo_jezero/1/172
Ablanca,2004 m,,https://www.hribi.net/gora/ablanca/1/461
Lanževica,2003 m,,https://www.hribi.net/gora/lanzevica/1/325
Kal,2001 m,2000 m,https://www.hribi.net/gora/kal/1/936
Meja,1996 m,,https://www.hribi.net/gora/meja/1/1108
Vrh nad Vodeno Rupo,1995 m,,https://www.hribi.net/gora/vrh_nad_vodeno_rupo/1/1538
Zeleno jezero,1988 m,,https://www.hribi.net/gora/zeleno_jezero/1/173
Vratni vrh,1983 m,,https://www.hribi.net/gora/vratni_vrh/1/3478
Vogel (nad Lepeno),1980 m,,https://www.hribi.net/gora/vogel_nad_lepeno/1/2986
Velika Bavha / Monte Robon,1980 m,,https://www.hribi.net/gora/velika_bavha___monte_robon/1/1553
Bivak na Rušju,1980 m,,https://www.hribi.net/gora/bivak_na_rusju/1/216
Draški rob,1979 m,,https://www.hribi.net/gora/draski_rob/1/1788
Bogatin,1977 m,,https://www.hribi.net/gora/bogatin/1/326
Pri Banderi,1974 m,,https://www.hribi.net/gora/pri_banderi/1/1615
Lipanski vrh,1974 m,,https://www.hribi.net/gora/lipanski_vrh/1/82
Vrh Planje,1971 m,,https://www.hribi.net/gora/vrh_planje/1/448
Monte Gosadon,1968 m,,https://www.hribi.net/gora/monte_gosadon/1/3580
Raskovec,1967 m,,https://www.hribi.net/gora/raskovec/1/1099
Rodica,1966 m,,https://www.hribi.net/gora/rodica/1/310
Vrh Ovčje planje,1965 m,,https://www.hribi.net/gora/vrh_ovcje_planje/1/1616
Okroglež,1965 m,,https://www.hribi.net/gora/okroglez/1/1124
Bivak pod Kotovim sedlom,1965 m,,https://www.hribi.net/gora/bivak_pod_kotovim_sedlom/1/723
Mrežce,1965 m,,https://www.hribi.net/gora/mrezce/1/81
Plešivec,1962 m,,https://www.hribi.net/gora/plesivec/1/3474
Debeli vrh nad Lipanco,1962 m,,https://www.hribi.net/gora/debeli_vrh_nad_lipanco/1/339
Velika Montura,1958 m,,https://www.hribi.net/gora/velika_montura/1/2799
Lopič / Monte Plauris,1958 m,,https://www.hribi.net/gora/lopic___monte_plauris/1/2374
Vrh Leh,1958 m,,https://www.hribi.net/gora/vrh_leh/1/1614
Veliki Selišnik,1952 m,,https://www.hribi.net/gora/veliki_selisnik/1/641
Bivak Gorizia,1950 m,,https://www.hribi.net/gora/bivak_gorizia/1/1043
Mali Raskovec,1946 m,,https://www.hribi.net/gora/mali_raskovec/1/1106
Suha Rodica (Novi vrh),1944 m,,https://www.hribi.net/gora/suha_rodica_novi_vrh/1/1107
Veliki Šmohor,1944 m,,https://www.hribi.net/gora/veliki_smohor/1/1055
Prednje Robičje,1941 m,,https://www.hribi.net/gora/prednje_robicje/1/1329
Mali Šmohor,1939 m,,https://www.hribi.net/gora/mali_smohor/1/1054
Matajurski vrh,1936 m,,https://www.hribi.net/gora/matajurski_vrh/1/1105
Vrh Škrli,1926 m,,https://www.hribi.net/gora/vrh_skrli/1/1371
Macesnovec,1926 m,,https://www.hribi.net/gora/macesnovec/1/722
Bela glava,1926 m,,https://www.hribi.net/gora/bela_glava/1/590
Mala Ponca,1925 m,,https://www.hribi.net/gora/mala_ponca/1/1046
Vogel,1922 m,,https://www.hribi.net/gora/vogel/1/588
Rušnati vrh,1915 m,,https://www.hribi.net/gora/rusnati_vrh/1/1109
Rdeči rob,1913 m,,https://www.hribi.net/gora/rdeci_rob/1/1590
Kraljevska špica/Monte Re,1912 m,,https://www.hribi.net/gora/kraljevska_spica_monte_re/1/1278
Slemenova špica,1911 m,,https://www.hribi.net/gora/slemenova_spica/1/240
Speleološki bivak Modonutti - Savoia,1908 m,,https://www.hribi.net/gora/speleoloski_bivak_modonutti_-_savoia/1/1554
Bivak Bernardinis,1907 m,,https://www.hribi.net/gora/bivak_bernardinis/1/658
Mangartska koča na Mangartskem sedlu,1906 m,,https://www.hribi.net/gora/mangartska_koca_na_mangartskem_sedlu/1/93
Mala Rodica,1901 m,,https://www.hribi.net/gora/mala_rodica/1/1098
Kser,1900 m,1900 m,https://www.hribi.net/gora/kser/1/1372
Rušnata glava,1899 m,,https://www.hribi.net/gora/rusnata_glava/1/457
Vrtaški vrh,1898 m,,https://www.hribi.net/gora/vrtaski_vrh/1/469
Poljanski vrh,1897 m,,https://www.hribi.net/gora/poljanski_vrh/1/1104
Vrh Krnic,1896 m,,https://www.hribi.net/gora/vrh_krnic/1/589
Vrh Razora,1893 m,,https://www.hribi.net/gora/vrh_razora/1/291
Studorski preval,1892 m,,https://www.hribi.net/gora/studorski_preval/1/138
Srednji Selišnik,1890 m,,https://www.hribi.net/gora/srednji_selisnik/1/531
Krniška glavica / Jof di Sompdogna,1889 m,,https://www.hribi.net/gora/krniska_glavica___jof_di_sompdogna/1/3566
Klečica,1889 m,,https://www.hribi.net/gora/klecica/1/2123
Velika Glava,1883 m,,https://www.hribi.net/gora/velika_glava/1/3476
Šija,1880 m,,https://www.hribi.net/gora/sija/1/463
Spodnje Kriško jezero,1880 m,,https://www.hribi.net/gora/spodnje_krisko_jezero/1/165
Krsteniški Stog,1879 m,,https://www.hribi.net/gora/krsteniski_stog/1/1624
Konjski vrh,1879 m,,https://www.hribi.net/gora/konjski_vrh/1/1103
Čisti vrh,1875 m,,https://www.hribi.net/gora/cisti_vrh/1/1605
Rifugio Corsi,1874 m,,https://www.hribi.net/gora/rifugio_corsi/1/1042
Tolminski Migovec,1868 m,,https://www.hribi.net/gora/tolminski_migovec/1/2102
Požgana Mlinarica,1868 m,,https://www.hribi.net/gora/pozgana_mlinarica/1/1812
Vrh Muzcev (zahodni vrh),1864 m,,https://www.hribi.net/gora/vrh_muzcev_zahodni_vrh/1/4261
Vrh Planje (nad Globokim),1863 m,,https://www.hribi.net/gora/vrh_planje_nad_globokim/1/687
Skutnik/Torre Guarda,1860 m,,https://www.hribi.net/gora/skutnik_torre_guarda/1/1880
Vrh Dlani,1852 m,,https://www.hribi.net/gora/vrh_dlani/1/1902
Bivak Nogara,1850 m,,https://www.hribi.net/gora/bivak_nogara/1/1056
Rifugio Gilberti,1850 m,,https://www.hribi.net/gora/rifugio_gilberti/1/1036
Šober / Monte Sciober Grande,1845 m,,https://www.hribi.net/gora/sober___monte_sciober_grande/1/1280
Žabiški Kuk,1844 m,,https://www.hribi.net/gora/zabiski_kuk/1/686
Črna prst,1844 m,,https://www.hribi.net/gora/crna_prst/1/87
Četrt,1832 m,,https://www.hribi.net/gora/cetrt/1/1102
Jezero v Ledvicah,1831 m,,https://www.hribi.net/gora/jezero_v_ledvicah/1/171
Kovačičeva glava,1827 m,,https://www.hribi.net/gora/kovaciceva_glava/1/221
Visoka glava,1822 m,,https://www.hribi.net/gora/visoka_glava/1/1684
Vodnikov dom na Velem polju,1817 m,,https://www.hribi.net/gora/vodnikov_dom_na_velem_polju/1/139
Stara koča na Kaninu,1814 m,,https://www.hribi.net/gora/stara_koca_na_kaninu/1/3137
Pri treh macesnih,1810 m,,https://www.hribi.net/gora/pri_treh_macesnih/1/1385
Vrtec,1809 m,,https://www.hribi.net/gora/vrtec/1/1628
Jezero v Lužnici,1801 m,,https://www.hribi.net/gora/jezero_v_luznici/1/330
Visoki Orlov rob,1800 m,1800 m,https://www.hribi.net/gora/visoki_orlov_rob/1/1900
Škraplja,1794 m,,https://www.hribi.net/gora/skraplja/1/1368
Plesišče,1790 m,,https://www.hribi.net/gora/plesisce/1/1682
Kumlehova glava,1788 m,,https://www.hribi.net/gora/kumlehova_glava/1/1266
Rušni vrh,1786 m,,https://www.hribi.net/gora/rusni_vrh/1/1755
Stadorski Orliči,1782 m,,https://www.hribi.net/gora/stadorski_orlici/1/1627
Rušnata Mlinarica,1777 m,,https://www.hribi.net/gora/rusnata_mlinarica/1/1060
Krasji vrh,1773 m,,https://www.hribi.net/gora/krasji_vrh/1/605
Rigeljc,1768 m,,https://www.hribi.net/gora/rigeljc/1/1626
Veliki vrh (Polovnik),1768 m,,https://www.hribi.net/gora/veliki_vrh_polovnik/1/1346
Čukla,1767 m,,https://www.hribi.net/gora/cukla/1/415
Svete Višarje / Monte Lussari,1766 m,,https://www.hribi.net/gora/svete_visarje___monte_lussari/1/655
Kurji vrh,1762 m,,https://www.hribi.net/gora/kurji_vrh/1/1096
Pršivec,1761 m,,https://www.hribi.net/gora/prsivec/1/254
Glave,1760 m,,https://www.hribi.net/gora/glave/1/1045
Luknja,1758 m,,https://www.hribi.net/gora/luknja/1/197
Sovna glava,1750 m,,https://www.hribi.net/gora/sovna_glava/1/465
Zavitar,1750 m,,https://www.hribi.net/gora/zavitar/1/464
Visoka peč,1749 m,,https://www.hribi.net/gora/visoka_pec/1/2658
Ciprnik,1745 m,,https://www.hribi.net/gora/ciprnik/1/709
Vršič vrh,1737 m,,https://www.hribi.net/gora/vrsic_vrh/1/426
Skutnik /Monte Guarda,1721 m,,https://www.hribi.net/gora/skutnik__monte_guarda/1/601
Planina Jezerce,1720 m,,https://www.hribi.net/gora/planina_jezerce/1/260
Planina Zgornja Krma,1720 m,,https://www.hribi.net/gora/planina_zgornja_krma/1/253
Veliki Karman / Monte Chiampon,1713 m,1700 m,https://www.hribi.net/gora/veliki_karman___monte_chiampon/1/2372
Rutarski Vršič,1699 m,,https://www.hribi.net/gora/rutarski_vrsic/1/1380
Gradovec,1692 m,,https://www.hribi.net/gora/gradovec/1/2649
Poštarski dom na Vršiču,1688 m,,https://www.hribi.net/gora/postarski_dom_na_vrsicu/1/261
Koča pri Triglavskih jezerih,1685 m,,https://www.hribi.net/gora/koca_pri_triglavskih_jezerih/1/133
Orlove glave,1682 m,,https://www.hribi.net/gora/orlove_glave/1/1898
Velo polje,1680 m,,https://www.hribi.net/gora/velo_polje/1/99
Stol (Julijske Alpe),1673 m,,https://www.hribi.net/gora/stol_julijske_alpe/1/750
Planina Krstenica,1670 m,,https://www.hribi.net/gora/planina_krstenica/1/101
Na Glavi,1666 m,,https://www.hribi.net/gora/na_glavi/1/3570
Ricovero Igor Crasso,1665 m,,https://www.hribi.net/gora/ricovero_igor_crasso/1/4063
Jehlc (Špičasta kupa),1662 m,,https://www.hribi.net/gora/jehlc_spicasta_kupa/1/1114
Rifugio di Brazza,1660 m,,https://www.hribi.net/gora/rifugio_di_brazza/1/429
Planina Ovčarija,1660 m,,https://www.hribi.net/gora/planina_ovcarija/1/157
Zavetišče pod Ponco,1657 m,,https://www.hribi.net/gora/zavetisce_pod_ponco/1/1047
Lisc (Lisec),1653 m,,https://www.hribi.net/gora/lisc_lisec/1/3520
Florjanka / Monte Florianca,1653 m,,https://www.hribi.net/gora/florjanka___monte_florianca/1/2797
Svinjak,1653 m,,https://www.hribi.net/gora/svinjak/1/419
Planina pod Mišelj vrhom,1645 m,,https://www.hribi.net/gora/planina_pod_miselj_vrhom/1/292
Matajur,1642 m,,https://www.hribi.net/gora/matajur/1/747
Gabrovec (Veliki Muzec),1630 m,,https://www.hribi.net/gora/gabrovec_veliki_muzec/1/1394
Blejska koča na Lipanci,1630 m,,https://www.hribi.net/gora/blejska_koca_na_lipanci/1/76
Planina Viševnik,1625 m,,https://www.hribi.net/gora/planina_visevnik/1/255
Bivak Dino Brollo,1621 m,,https://www.hribi.net/gora/bivak_dino_brollo/1/4233
Vošni vrh,1621 m,,https://www.hribi.net/gora/vosni_vrh/1/2138
Tičarjev dom na Vršiču,1618 m,,https://www.hribi.net/gora/ticarjev_dom_na_vrsicu/1/262
Breški Jalovec / Punta di Montemaggiore,1613 m,,https://www.hribi.net/gora/breski_jalovec___punta_di_montemaggiore/1/1395
Muzec - Musc (Mali Muzec),1612 m,,https://www.hribi.net/gora/muzec_-_musc_mali_muzec/1/825
Slatnik (severozahodni vrh),1609 m,,https://www.hribi.net/gora/slatnik_severozahodni_vrh/1/290
Možic,1602 m,,https://www.hribi.net/gora/mozic/1/205
Planina za Migovcem,1600 m,1600 m,https://www.hribi.net/gora/planina_za_migovcem/1/1887
Slatnik (jugovzhodni vrh),1597 m,,https://www.hribi.net/gora/slatnik_jugovzhodni_vrh/1/2518
Nemške glave,1597 m,,https://www.hribi.net/gora/nemske_glave/1/1498
Jerebikovec,1593 m,,https://www.hribi.net/gora/jerebikovec/1/394
Lovska koča Berebica,1590 m,,https://www.hribi.net/gora/lovska_koca_berebica/1/3564
Bivak Stuparich,1587 m,,https://www.hribi.net/gora/bivak_stuparich/1/1338
Brinova glava,1586 m,,https://www.hribi.net/gora/brinova_glava/1/3568
Šavnik,1574 m,,https://www.hribi.net/gora/savnik/1/437
Grušnica,1570 m,,https://www.hribi.net/gora/grusnica/1/2632
Višarska planina / Malga di Lussari,1570 m,,https://www.hribi.net/gora/visarska_planina___malga_di_lussari/1/822
Visoki Mavrinc,1562 m,,https://www.hribi.net/gora/visoki_mavrinc/1/1267
Planina v Lazu,1560 m,,https://www.hribi.net/gora/planina_v_lazu/1/243
Planina Dedno Polje,1560 m,,https://www.hribi.net/gora/planina_dedno_polje/1/156
Planina Lopučnica,1558 m,,https://www.hribi.net/gora/planina_lopucnica/1/606
Javoršček,1557 m,,https://www.hribi.net/gora/javorscek/1/1536
Planina Klek,1556 m,,https://www.hribi.net/gora/planina_klek/1/341
Mojčin dom na Vitrancu,1555 m,,https://www.hribi.net/gora/mojcin_dom_na_vitrancu/1/710
Planja (nad Mangartsko planino),1553 m,,https://www.hribi.net/gora/planja_nad_mangartsko_planino/1/2992
Bivak pod Muzcem,1550 m,,https://www.hribi.net/gora/bivak_pod_muzcem/1/826
Lajnar,1549 m,,https://www.hribi.net/gora/lajnar/1/435
Planina v Plazeh,1548 m,,https://www.hribi.net/gora/planina_v_plazeh/1/1604
Dravh,1547 m,,https://www.hribi.net/gora/dravh/1/434
Dom na Matajure,1545 m,,https://www.hribi.net/gora/dom_na_matajure/1/1537
Požar,1543 m,,https://www.hribi.net/gora/pozar/1/1815
Kravja Črna gora,1541 m,,https://www.hribi.net/gora/kravja_crna_gora/1/732
Visoka glava (na Matajurju),1540 m,,https://www.hribi.net/gora/visoka_glava_na_matajurju/1/2999
Mesnovec,1538 m,,https://www.hribi.net/gora/mesnovec/1/1699
Planinska koča Merjasec,1535 m,,https://www.hribi.net/gora/planinska_koca_merjasec/1/587
Viška planina,1530 m,,https://www.hribi.net/gora/viska_planina/1/1283
Planina na Polju,1530 m,,https://www.hribi.net/gora/planina_na_polju/1/417
Lovska koča na Glinu,1527 m,,https://www.hribi.net/gora/lovska_koca_na_glinu/1/2185
Erjavčeva koča na Vršiču,1525 m,,https://www.hribi.net/gora/erjavceva_koca_na_vrsicu/1/272
Rifugio Cinque Punte,1520 m,,https://www.hribi.net/gora/rifugio_cinque_punte/1/1281
Dom na Komni,1520 m,,https://www.hribi.net/gora/dom_na_komni/1/102
Planina Ravna,1515 m,,https://www.hribi.net/gora/planina_ravna/1/1527
Krevl,1515 m,,https://www.hribi.net/gora/krevl/1/731
Koča pod Bogatinom,1513 m,,https://www.hribi.net/gora/koca_pod_bogatinom/1/198
Planina Za skalo,1510 m,,https://www.hribi.net/gora/planina_za_skalo/1/1059
Malga Granuda,1501 m,,https://www.hribi.net/gora/malga_granuda/1/3575
Lovska koča Na Utrci,1500 m,1500 m,https://www.hribi.net/gora/lovska_koca_na_utrci/1/1347
Rifugio Pellarini,1499 m,,https://www.hribi.net/gora/rifugio_pellarini/1/1530
Lengarjeva glava,1498 m,,https://www.hribi.net/gora/lengarjeva_glava/1/1814
Kobla,1498 m,,https://www.hribi.net/gora/kobla/1/373
Planina na Kalu,1490 m,,https://www.hribi.net/gora/planina_na_kalu/1/2101
Nizki vrh,1488 m,,https://www.hribi.net/gora/nizki_vrh/1/2152
Črni vrh / Colrotondo,1486 m,,https://www.hribi.net/gora/crni_vrh___colrotondo/1/3025
Planina Vodični vrh,1486 m,,https://www.hribi.net/gora/planina_vodicni_vrh/1/1989
Javorov vrh (Pokljuka),1482 m,,https://www.hribi.net/gora/javorov_vrh_pokljuka/1/1440
Planina Govnjač,1480 m,,https://www.hribi.net/gora/planina_govnjac/1/449
Bivak pod Luknjo,1480 m,,https://www.hribi.net/gora/bivak_pod_luknjo/1/241
Kobilja glava,1475 m,,https://www.hribi.net/gora/kobilja_glava/1/1240
Planina Poljana,1466 m,,https://www.hribi.net/gora/planina_poljana/1/1100
Vrtaška planina,1462 m,,https://www.hribi.net/gora/vrtaska_planina/1/308
Koča na Planini pri Jezeru,1453 m,,https://www.hribi.net/gora/koca_na_planini_pri_jezeru/1/140
Jalovnik,1452 m,,https://www.hribi.net/gora/jalovnik/1/1241
Planina Kanin / Casera Canin,1450 m,,https://www.hribi.net/gora/planina_kanin___casera_canin/1/4048
Planina Sleme,1448 m,,https://www.hribi.net/gora/planina_sleme/1/1594
Laghetto di Somdogna,1447 m,,https://www.hribi.net/gora/laghetto_di_somdogna/1/3565
Risnati rob (Polevec),1438 m,,https://www.hribi.net/gora/risnati_rob_polevec/1/3299
Planina Konjščica,1438 m,,https://www.hribi.net/gora/planina_konjscica/1/137
Rifugio Brunner,1432 m,,https://www.hribi.net/gora/rifugio_brunner/1/3111
Bivak pod Špikom,1424 m,,https://www.hribi.net/gora/bivak_pod_spikom/1/340
Planina Zadnji Vogel,1413 m,,https://www.hribi.net/gora/planina_zadnji_vogel/1/1899
Planina Zgornja Gorjuda,1404 m,,https://www.hribi.net/gora/planina_zgornja_gorjuda/1/1040
Planina nad Sočo,1400 m,,https://www.hribi.net/gora/planina_nad_soco/1/1618
Planina Osredki,1400 m,1400 m,https://www.hribi.net/gora/planina_osredki/1/1101
Krnsko jezero,1391 m,,https://www.hribi.net/gora/krnsko_jezero/1/163
Mali vrh (na Mežakli),1389 m,,https://www.hribi.net/gora/mali_vrh_na_mezakli/1/3297
Rifugio Grego,1389 m,,https://www.hribi.net/gora/rifugio_grego/1/656
Planina Zapotok,1385 m,,https://www.hribi.net/gora/planina_zapotok/1/3446
Planina Suha,1385 m,,https://www.hribi.net/gora/planina_suha/1/311
Dom pri Krnskih jezerih,1385 m,,https://www.hribi.net/gora/dom_pri_krnskih_jezerih/1/162
Tonkina koča na Vršiču,1380 m,,https://www.hribi.net/gora/tonkina_koca_na_vrsicu/1/2440
Rifugio Zacchi,1380 m,,https://www.hribi.net/gora/rifugio_zacchi/1/1048
Planica (pod Krnom),1376 m,,https://www.hribi.net/gora/planica_pod_krnom/1/1776
Lipenšči hrib,1375 m,,https://www.hribi.net/gora/lipensci_hrib/1/2324
Mali Karman / Monte Cuarnan,1372 m,,https://www.hribi.net/gora/mali_karman___monte_cuarnan/1/2375
Javor (nad Tolminskimi Ravnami),1363 m,,https://www.hribi.net/gora/javor_nad_tolminskimi_ravnami/1/2633
Mrzli vrh nad planino Pretovč,1359 m,,https://www.hribi.net/gora/mrzli_vrh_nad_planino_pretovc/1/1773
Planina Strehica,1359 m,,https://www.hribi.net/gora/planina_strehica/1/1528
Mrzli vrh (na Matajurju),1358 m,,https://www.hribi.net/gora/mrzli_vrh_na_matajurju/1/749
Planina Zaslap,1357 m,,https://www.hribi.net/gora/planina_zaslap/1/4272
Črna gora,1350 m,,https://www.hribi.net/gora/crna_gora/1/345
Orožnova koča na planini za Liscem,1346 m,,https://www.hribi.net/gora/oroznova_koca_na_planini_za_liscem/1/158
Škrbinjek,1341 m,,https://www.hribi.net/gora/skrbinjek/1/3821
Bivak Za Akom,1340 m,,https://www.hribi.net/gora/bivak_za_akom/1/1097
Planina Za Črno goro,1340 m,,https://www.hribi.net/gora/planina_za_crno_goro/1/584
Planina Goričica,1336 m,,https://www.hribi.net/gora/planina_goricica/1/416
Frčkova planina,1335 m,,https://www.hribi.net/gora/frckova_planina/1/2139
Srednji vrh (na Matajurju),1320 m,,https://www.hribi.net/gora/srednji_vrh_na_matajurju/1/2998
Planina za Šavnikom,1320 m,,https://www.hribi.net/gora/planina_za_savnikom/1/436
Koča na planini Razor,1315 m,,https://www.hribi.net/gora/koca_na_planini_razor/1/684
Kota 1313,1313 m,,https://www.hribi.net/gora/kota_1313/1/1330
Koča na Soriški planini,1306 m,,https://www.hribi.net/gora/koca_na_soriski_planini/1/204
Planina Dobrenjščica,1304 m,,https://www.hribi.net/gora/planina_dobrenjscica/1/1601
Lovska koča Bala,1300 m,1300 m,https://www.hribi.net/gora/lovska_koca_bala/1/1376
Mangartska planina,1295 m,,https://www.hribi.net/gora/mangartska_planina/1/2673
Črno jezero,1294 m,,https://www.hribi.net/gora/crno_jezero/1/132
Planina Zajavornik,1292 m,,https://www.hribi.net/gora/planina_zajavornik/1/540
Planina Zajamniki,1280 m,,https://www.hribi.net/gora/planina_zajamniki/1/1996
Vrh Bače,1273 m,,https://www.hribi.net/gora/vrh_bace/1/1486
Rečiška planina,1265 m,,https://www.hribi.net/gora/reciska_planina/1/3197
Galetovec,1265 m,,https://www.hribi.net/gora/galetovec/1/832
Berjanca,1264 m,,https://www.hribi.net/gora/berjanca/1/3196
Zgornji Goreljek (Pokljuka),1260 m,,https://www.hribi.net/gora/zgornji_goreljek_pokljuka/1/2774
Planina Krnica,1252 m,,https://www.hribi.net/gora/planina_krnica/1/421
Planina Slapnik,1250 m,,https://www.hribi.net/gora/planina_slapnik/1/4271
Idrska planina,1250 m,,https://www.hribi.net/gora/idrska_planina/1/748
Planina Zgornja Grintovica,1250 m,,https://www.hribi.net/gora/planina_zgornja_grintovica/1/247
Turn (nad Bohinjsko Belo),1249 m,,https://www.hribi.net/gora/turn_nad_bohinjsko_belo/1/2785
Planina Berebica,1248 m,,https://www.hribi.net/gora/planina_berebica/1/3563
Planina Zagreben,1240 m,,https://www.hribi.net/gora/planina_zagreben/1/2984
Belska planina,1237 m,,https://www.hribi.net/gora/belska_planina/1/2786
Izvir Nadiže,1232 m,,https://www.hribi.net/gora/izvir_nadize/1/3086
Planina Zgornji Kozjek,1230 m,,https://www.hribi.net/gora/planina_zgornji_kozjek/1/3203
Planina Leskovca,1230 m,,https://www.hribi.net/gora/planina_leskovca/1/329
Koča na Gozdu,1226 m,,https://www.hribi.net/gora/koca_na_gozdu/1/270
Bivak Hlek,1225 m,,https://www.hribi.net/gora/bivak_hlek/1/764
Spodnji Goreljek (Pokljuka),1222 m,,https://www.hribi.net/gora/spodnji_goreljek_pokljuka/1/2775
Italijanska vojaška kapela na Planici,1220 m,,https://www.hribi.net/gora/italijanska_vojaska_kapela_na_planici/1/1775
Svinska planina,1214 m,,https://www.hribi.net/gora/svinska_planina/1/746
Grajska planina (Ribšca),1210 m,,https://www.hribi.net/gora/grajska_planina_ribsca/1/3198
Škrbina (Mežakla),1210 m,,https://www.hribi.net/gora/skrbina_mezakla/1/1256
Planina Zaprikraj,1208 m,,https://www.hribi.net/gora/planina_zaprikraj/1/683
Planina Zapleč,1201 m,1200 m,https://www.hribi.net/gora/planina_zaplec/1/4041
Lovska koča Mali Vokel,1193 m,,https://www.hribi.net/gora/lovska_koca_mali_vokel/1/3195
Lovčev bivak Pri Koucah,1192 m,,https://www.hribi.net/gora/lovcev_bivak_pri_koucah/1/1484
Police,1184 m,,https://www.hribi.net/gora/police/1/2491
Planina Bala,1181 m,,https://www.hribi.net/gora/planina_bala/1/1375
Planina Spodnja Grintovica,1175 m,,https://www.hribi.net/gora/planina_spodnja_grintovica/1/246
Planina Ilovec,1170 m,,https://www.hribi.net/gora/planina_ilovec/1/2787
Planina Pretovč,1160 m,,https://www.hribi.net/gora/planina_pretovc/1/1772
Bivak na Črniku,1160 m,,https://www.hribi.net/gora/bivak_na_crniku/1/758
Koča na Uskovnici,1154 m,,https://www.hribi.net/gora/koca_na_uskovnici/1/342
Zgornji Martuljkov slap,1150 m,,https://www.hribi.net/gora/zgornji_martuljkov_slap/1/220
Planina Blato,1147 m,,https://www.hribi.net/gora/planina_blato/1/1547
Gozdarska koča Mali Vokel,1145 m,,https://www.hribi.net/gora/gozdarska_koca_mali_vokel/1/3193
Zapotoški slapovi,1140 m,,https://www.hribi.net/gora/zapotoski_slapovi/1/3558
Planina Medrja,1133 m,,https://www.hribi.net/gora/planina_medrja/1/1593
Snežna jama na Mežakli,1130 m,,https://www.hribi.net/gora/snezna_jama_na_mezakli/1/1930
Ruska kapelica,1130 m,,https://www.hribi.net/gora/ruska_kapelica/1/271
Bedančev dom,1116 m,,https://www.hribi.net/gora/bedancev_dom/1/2659
Slap Curk,1115 m,,https://www.hribi.net/gora/slap_curk/1/4023
Koča v Krnici,1113 m,,https://www.hribi.net/gora/koca_v_krnici/1/206
Dom v Tamarju,1108 m,,https://www.hribi.net/gora/dom_v_tamarju/1/286
Hotunjski vrh,1107 m,1100 m,https://www.hribi.net/gora/hotunjski_vrh/1/2763
Planina Lom,1090 m,,https://www.hribi.net/gora/planina_lom/1/1243
Mihov dom na Vršiču,1085 m,,https://www.hribi.net/gora/mihov_dom_na_vrsicu/1/269
Kobala,1080 m,,https://www.hribi.net/gora/kobala/1/1242
Malga Cuarnan,1070 m,,https://www.hribi.net/gora/malga_cuarnan/1/3101
Planina v Prodih,1070 m,,https://www.hribi.net/gora/planina_v_prodih/1/2948
Kosijev dom na Vogarju,1054 m,,https://www.hribi.net/gora/kosijev_dom_na_vogarju/1/184
Slapovi v Kotu,1050 m,,https://www.hribi.net/gora/slapovi_v_kotu/1/3333
Partizanska bolnišnica na Mežakli,1050 m,,https://www.hribi.net/gora/partizanska_bolnisnica_na_mezakli/1/1260
Koča na planini Stador,1050 m,,https://www.hribi.net/gora/koca_na_planini_stador/1/1174
Kup,1046 m,,https://www.hribi.net/gora/kup/1/1482
Planina Obranica,1035 m,,https://www.hribi.net/gora/planina_obranica/1/1254
Planinsko zavetišče Slatna,1023 m,,https://www.hribi.net/gora/planinsko_zavetisce_slatna/1/3151
Vodnikov razglednik,1017 m,,https://www.hribi.net/gora/vodnikov_razglednik/1/2606
Aljažev dom v Vratih,1015 m,,https://www.hribi.net/gora/aljazev_dom_v_vratih/1/242
Jezerska planina / Alpe del Lago,1006 m,,https://www.hribi.net/gora/jezerska_planina___alpe_del_lago/1/3024
Planina za Jamo,1005 m,,https://www.hribi.net/gora/planina_za_jamo/1/833
Studor,1002 m,,https://www.hribi.net/gora/studor/1/2562
Koča na planini Kuhinja,1002 m,,https://www.hribi.net/gora/koca_na_planini_kuhinja/1/724
Klatnica,1000 m,,https://www.hribi.net/gora/klatnica/1/2154
Planina Laška seč,1000 m,1000 m,https://www.hribi.net/gora/planina_laska_sec/1/1592
Izvir Soče,990 m,,https://www.hribi.net/gora/izvir_soce/1/425
Sveta Marjeta pod Stolom,973 m,,https://www.hribi.net/gora/sveta_marjeta_pod_stolom/1/1393
Ožarjeni kamen,960 m,,https://www.hribi.net/gora/ozarjeni_kamen/1/2996
Planina Ravne,956 m,,https://www.hribi.net/gora/planina_ravne/1/2492
Slap Suha,950 m,,https://www.hribi.net/gora/slap_suha/1/222
Rudnica,946 m,,https://www.hribi.net/gora/rudnica/1/1517
Boršt,931 m,,https://www.hribi.net/gora/borst/1/2469
Slap Zaročenca,930 m,,https://www.hribi.net/gora/slap_zarocenca/1/1762
Ingotova koča na planini Jesenje,930 m,,https://www.hribi.net/gora/ingotova_koca_na_planini_jesenje/1/219
Zgornje Mangartsko jezero,929 m,,https://www.hribi.net/gora/zgornje_mangartsko_jezero/1/430
Spodnje Mangartsko jezero,924 m,,https://www.hribi.net/gora/spodnje_mangartsko_jezero/1/2516
Planina Rčitno,900 m,900 m,https://www.hribi.net/gora/planina_rcitno/1/1787
Kres nad Kočno,890 m,,https://www.hribi.net/gora/kres_nad_kocno/1/2452
Planina Blatce,888 m,,https://www.hribi.net/gora/planina_blatce/1/2932
Kovinarska koča v Krmi,870 m,,https://www.hribi.net/gora/kovinarska_koca_v_krmi/1/1786
Vrše,850 m,,https://www.hribi.net/gora/vrse/1/2468
Izvir Boke,850 m,,https://www.hribi.net/gora/izvir_boke/1/1049
Slap Peričnik - zgornji slap,850 m,,https://www.hribi.net/gora/slap_pericnik_-_zgornji_slap/1/473
Spodnji Martuljkov slap,850 m,,https://www.hribi.net/gora/spodnji_martuljkov_slap/1/218
Zelenci,845 m,,https://www.hribi.net/gora/zelenci/1/228
Grančišče,844 m,,https://www.hribi.net/gora/grancisce/1/1811
Logje,840 m,,https://www.hribi.net/gora/logje/1/231
Hom pri Bledu,834 m,,https://www.hribi.net/gora/hom_pri_bledu/1/2463
Jezero Jasna,830 m,,https://www.hribi.net/gora/jezero_jasna/1/2830
Pokljuška soteska (luknja),830 m,,https://www.hribi.net/gora/pokljuska_soteska_luknja/1/1270
Poljanska baba,830 m,,https://www.hribi.net/gora/poljanska_baba/1/1255
Brezje / Montemaggiore,819 m,,https://www.hribi.net/gora/brezje___montemaggiore/1/2153
Sv. Peter in Pavel (Perati),812 m,,https://www.hribi.net/gora/sv_peter_in_pavel_perati/1/3001
Humčič,810 m,,https://www.hribi.net/gora/humcic/1/1332
Žerjavec (Kavče),805 m,,https://www.hribi.net/gora/zerjavec_kavce/1/2457
Koča na Petrovem Brdu,804 m,,https://www.hribi.net/gora/koca_na_petrovem_brdu/1/1475
Planina Črča,800 m,,https://www.hribi.net/gora/planina_crca/1/1591
Slap Peričnik - spodnji slap,800 m,800 m,https://www.hribi.net/gora/slap_pericnik_-_spodnji_slap/1/474
Slap Savica,794 m,,https://www.hribi.net/gora/slap_savica/1/532
Počitniški dom v Možnici,793 m,,https://www.hribi.net/gora/pocitniski_dom_v_moznici/1/229
Kamin Široka polica,780 m,,https://www.hribi.net/gora/kamin_siroka_polica/1/3425
Slap Mostnice,773 m,,https://www.hribi.net/gora/slap_mostnice/1/2931
Rio Bianco / Beli potok,770 m,,https://www.hribi.net/gora/rio_bianco___beli_potok/1/2269
Korita Mlinarice,770 m,,https://www.hribi.net/gora/korita_mlinarice/1/424
Sveti Lenart (Bača pri Podbrdu),751 m,,https://www.hribi.net/gora/sveti_lenart_baca_pri_podbrdu/1/1928
Koča pri Peričniku,750 m,,https://www.hribi.net/gora/koca_pri_pericniku/1/1939
Slap Slatenik,750 m,,https://www.hribi.net/gora/slap_slatenik/1/406
Okrepčevalnica Slap Voje,745 m,,https://www.hribi.net/gora/okrepcevalnica_slap_voje/1/2930
Gogalova lipa,725 m,,https://www.hribi.net/gora/gogalova_lipa/1/2439
Mladinski izobraževalni center v Bavšici,725 m,,https://www.hribi.net/gora/mladinski_izobrazevalni_center_v_bavsici/1/230
Jamnikov spodmol,720 m,,https://www.hribi.net/gora/jamnikov_spodmol/1/2576
Belopotoški slap,720 m,,https://www.hribi.net/gora/belopotoski_slap/1/407
Jezero Kreda,715 m,,https://www.hribi.net/gora/jezero_kreda/1/2436
Žlejžn,710 m,,https://www.hribi.net/gora/zlejzn/1/4208
Dolina Škratov,700 m,,https://www.hribi.net/gora/dolina_skratov/1/405
Slap Parabola,700 m,700 m,https://www.hribi.net/gora/slap_parabola/1/233
Izvir Tolminke,695 m,,https://www.hribi.net/gora/izvir_tolminke/1/412
Mala Osojnica,691 m,,https://www.hribi.net/gora/mala_osojnica/1/1249
Koča na Vojah,690 m,,https://www.hribi.net/gora/koca_na_vojah/1/580
Gorejca,680 m,,https://www.hribi.net/gora/gorejca/1/393
Slap Boka,680 m,,https://www.hribi.net/gora/slap_boka/1/392
Jezero Kreda v dolini Radovne,674 m,,https://www.hribi.net/gora/jezero_kreda_v_dolini_radovne/1/3104
Izvir Bele,665 m,,https://www.hribi.net/gora/izvir_bele/1/2157
Izvir Lipnika,660 m,,https://www.hribi.net/gora/izvir_lipnika/1/3102
Spominsko obeležje Aleš Kunaver,660 m,,https://www.hribi.net/gora/spominsko_obelezje_ales_kunaver/1/2453
Jezerce v dolini Radovne,657 m,,https://www.hribi.net/gora/jezerce_v_dolini_radovne/1/3103
Koča pri Savici,653 m,,https://www.hribi.net/gora/koca_pri_savici/1/2773
Peč (razgledišče),650 m,,https://www.hribi.net/gora/pec_razgledisce/1/2637
Straža,646 m,,https://www.hribi.net/gora/straza/1/1250
Marija Snežna v Breginjskem kotu,645 m,,https://www.hribi.net/gora/marija_snezna_v_breginjskem_kotu/1/1406
Sveta Katarina na Homu,634 m,,https://www.hribi.net/gora/sveta_katarina_na_homu/1/2443
Izvir Bohinjske Bistrice,630 m,,https://www.hribi.net/gora/izvir_bohinjske_bistrice/1/1584
Poglejska cerkev,630 m,,https://www.hribi.net/gora/poglejska_cerkev/1/1253
Dobra gora,620 m,600 m,https://www.hribi.net/gora/dobra_gora/1/1783
Blejski grad,599 m,,https://www.hribi.net/gora/blejski_grad/1/2490
Ribenska gora,588 m,,https://www.hribi.net/gora/ribenska_gora/1/1589
Ajdovski gradec,580 m,,https://www.hribi.net/gora/ajdovski_gradec/1/2615
Korita Možnice (Nemčlje),580 m,,https://www.hribi.net/gora/korita_moznice_nemclje/1/428
Javorca,571 m,,https://www.hribi.net/gora/javorca/1/411
Planina Prode,555 m,,https://www.hribi.net/gora/planina_prode/1/4209
Jama Srnica,550 m,,https://www.hribi.net/gora/jama_srnica/1/1331
Iglica,550 m,,https://www.hribi.net/gora/iglica/1/831
Sveti Janez Krstnik (Ribčev Laz),532 m,,https://www.hribi.net/gora/sveti_janez_krstnik_ribcev_laz/1/2772
Slap Šum v Blejskem Vintgarju,520 m,,https://www.hribi.net/gora/slap_sum_v_blejskem_vintgarju/1/2442
Mlina peč,506 m,,https://www.hribi.net/gora/mlina_pec/1/3199
Žičnica čez Tolminko,500 m,,https://www.hribi.net/gora/zicnica_cez_tolminko/1/413
Tonovcov grad pri Kobaridu,500 m,500 m,https://www.hribi.net/gora/tonovcov_grad_pri_kobaridu/1/396
Gradišče (Bodešče),499 m,,https://www.hribi.net/gora/gradisce_bodesce/1/2325
Sveti Lenart (Bodešče),485 m,,https://www.hribi.net/gora/sveti_lenart_bodesce/1/2326
Velika korita Soče,480 m,,https://www.hribi.net/gora/velika_korita_soce/1/427
Blejsko jezero,475 m,,https://www.hribi.net/gora/blejsko_jezero/1/3353
Slap Beri,454 m,,https://www.hribi.net/gora/slap_beri/1/1126
Izvir Glijuna,450 m,,https://www.hribi.net/gora/izvir_glijuna/1/234
Mala Boka,440 m,,https://www.hribi.net/gora/mala_boka/1/1337
Kozlov rob,426 m,,https://www.hribi.net/gora/kozlov_rob/1/1757
Slap Sopota (Soupat),400 m,,https://www.hribi.net/gora/slap_sopota_soupat/1/690
Slap Virje,400 m,400 m,https://www.hribi.net/gora/slap_virje/1/232
Gregorčičev slap,390 m,,https://www.hribi.net/gora/gregorcicev_slap/1/2975
Korita Soče pri Kršovcu,390 m,300 m,https://www.hribi.net/gora/korita_soce_pri_krsovcu/1/235
Slap Veliki Kozjak,250 m,,https://www.hribi.net/gora/slap_veliki_kozjak/1/403
Slap Mali Kozjak,230 m,200 m,https://www.hribi.net/gora/slap_mali_kozjak/1/404
Tolminska korita,180 m,,https://www.hribi.net/gora/tolminska_korita/1/1341
